Workbook

Sheet Read Me
A1: MomentFrame Product Database
A2: Manual product catalogue for website, pricing and image management.
A4: Step | B4: What to update
A5: 1. Categories | B5: Only change the display order or name when the website categories change.
A6: 2. Subcategories | B6: Add a child style under one category. Give it a unique Subcategory Key and a default Image SKU.
A7: 3. Products | B7: Add one row for each size. Product SKU must stay unique. Yellow cells are manual inputs.
A8: 4. Images | B8: Each product size has its own Image SKU. Duplicate a source image file when different sizes use the same visual.
A9: 5. Price Rules | B9: Change the multiplier values only when the pricing policy changes.

Sheet Categories
A1: Categories
A2: The website uses Category Key for simple URLs and stable mapping.
A4: Category Code | B4: Category Key | C4: Category Name | D4: Display Order | E4: Status
A5: S1 | B5: frameless | C5: Classic Frameless Photo Panel | D5: 1 | E5: Active
A6: S2 | B6: bordered | C6: Classic Bordered Frame | D6: 2 | E6: Active
A7: S3 | B7: signature | C7: Signature Wooden Frame | D7: 3 | E7: Active
A8: S4 | B8: gallery | C8: Gallery Wooden Frame | D8: 4 | E8: Active

Sheet Subcategories
A1: Subcategories
A2: Each subcategory keeps Chinese and English names, and points to its default Image SKU.
A4: Category Code | B4: Category Key | C4: Subcategory Key | D4: Subcategory Name | E4: Default Image SKU | F4: Status | G4: 中文名称 | H4: English Name
A5: S1 | B5: frameless | C5: S1-T1 | D5: 无边框-圆角 | E5: IMG-S1-T1-07-STAND | F5: Draft | G5: 无边框-圆角 | H5: Frameless Rounded Corner
A6: S2 | B6: bordered | C6: S2-T1 | D6: 白色边框-圆角 | E6: IMG-S2-T1-07-STAND | F6: Draft | G6: 白色边框-圆角 | H6: White Rounded Border
A7: S2 | B7: bordered | C7: S2-T2 | D7: 金色边框-圆角 | E7: IMG-S2-T2-07-STAND | F7: Draft | G7: 金色边框-圆角 | H7: Gold Rounded Border
A8: S2 | B8: bordered | C8: S2-T3 | D8: 银色边框-圆角 | E8: IMG-S2-T3-07-STAND | F8: Draft | G8: 银色边框-圆角 | H8: Silver Rounded Border
A9: S2 | B9: bordered | C9: S2-T4 | D9: 黑色边框-圆角 | E9: IMG-S2-T4-07-STAND | F9: Draft | G9: 黑色边框-圆角 | H9: Black Rounded Border
A10: S2 | B10: bordered | C10: S2-T5 | D10: 黑色边框-直角 | E10: IMG-S2-T5-07-STAND | F10: Draft | G10: 黑色边框-直角 | H10: Black Square Corner
A11: S2 | B11: bordered | C11: S2-T6 | D11: 黑色边框-金色 | E11: IMG-S2-T6-07-STAND | F11: Draft | G11: 黑色边框-金色 | H11: Black Frame with Gold Trim
A12: S4 | B12: gallery | C12: S4-T1 | D12: 三秋暖木 | E12: IMG-S4-T1-24-WALL | F12: Draft | G12: 三秋暖木 | H12: Autumn Warm Wood
A13: S4 | B13: gallery | C13: S4-T2 | D13: 亚麻灰 | E13: IMG-S4-T2-24-WALL | F13: Draft | G13: 亚麻灰 | H13: Linen Grey
A14: S4 | B14: gallery | C14: S4-T3 | D14: 微风雅框 | E14: IMG-S4-T3-24-WALL | F14: Draft | G14: 微风雅框 | H14: Breeze Elegance
A15: S4 | B15: gallery | C15: S4-T4 | D15: 时光印记 | E15: IMG-S4-T4-24-WALL | F15: Draft | G15: 时光印记 | H15: Time Imprint
... A30: S3 | B30: signature | C30: S3-T5 | D30: 黑胡桃色 | E30: IMG-S3-T5-06-STAND | F30: Draft | G30: 黑胡桃色 | H30: Black Walnut

Sheet Products
A1: Products
A2: One row is one sellable size. Yellow cells are inputs. Markup and Selling Price (SGD) are calculated.
A4: Category Code | B4: Subcategory Key | C4: Size | D4: Product Name 中文 | E4: Product Name English | F4: Display Type | G4: Product SKU | H4: Legacy SKU | I4: Cost RMB | J4: Original Cost SGD | K4: Markup | L4: Selling Price (SGD) | M4: Image SKU | N4: Image Path | O4: Status | P4: Legacy Source Row | Q4: Type | R4: Color | S4: Craftsmanship | T4: Photo Included | U4: Material | V4: Product Description
A5: S1 | B5: S1-T1 | C5: 7" | D5: 无边框-圆角 | E5: Frameless Rounded Corner | F5: Stand | G5: MFR-S1-T1-07-STAND | H5: S1-T1-SKUXXX-7 | I5: 9.95 | J5: 1.99 | K5: =IF(J5="","",IF(J5<10,'Price Rules'!$B$5,IF(J5<=50,'Price Rules'!$B$6,'Price Rules'!$B$7))) -> 5 | L5: =IF(J5="","",ROUND(J5*K5,0)) -> 10 | M5: IMG-S1-T1-07-STAND | O5: Draft | P5: 3 | Q5: Tabletop | R5: -
A6: S1 | B6: S1-T1 | C6: 8" | D6: 无边框-圆角 | E6: Frameless Rounded Corner | F6: Stand | G6: MFR-S1-T1-08-STAND | H6: S1-T1-SKUXXX-8 | I6: 12.9 | J6: 2.58 | K6: =IF(J6="","",IF(J6<10,'Price Rules'!$B$5,IF(J6<=50,'Price Rules'!$B$6,'Price Rules'!$B$7))) -> 5 | L6: =IF(J6="","",ROUND(J6*K6,0)) -> 13 | M6: IMG-S1-T1-08-STAND | O6: Draft | P6: 4 | Q6: Tabletop | R6: -
A7: S1 | B7: S1-T1 | C7: 10" | D7: 无边框-圆角 | E7: Frameless Rounded Corner | F7: Stand | G7: MFR-S1-T1-10-STAND | H7: S1-T1-SKUXXX-9 | I7: 17.9 | J7: 3.58 | K7: =IF(J7="","",IF(J7<10,'Price Rules'!$B$5,IF(J7<=50,'Price Rules'!$B$6,'Price Rules'!$B$7))) -> 5 | L7: =IF(J7="","",ROUND(J7*K7,0)) -> 18 | M7: IMG-S1-T1-10-STAND | O7: Draft | P7: 5 | Q7: Tabletop | R7: -
A8: S1 | B8: S1-T1 | C8: 12" | D8: 无边框-圆角 | E8: Frameless Rounded Corner | F8: Stand | G8: MFR-S1-T1-12-STAND | H8: S1-T1-SKUXXX-10 | I8: 19.9 | J8: 3.98 | K8: =IF(J8="","",IF(J8<10,'Price Rules'!$B$5,IF(J8<=50,'Price Rules'!$B$6,'Price Rules'!$B$7))) -> 5 | L8: =IF(J8="","",ROUND(J8*K8,0)) -> 20 | M8: IMG-S1-T1-12-STAND | O8: Draft | P8: 6 | Q8: Tabletop | R8: -
A9: S1 | B9: S1-T1 | C9: 14" | D9: 无边框-圆角 | E9: Frameless Rounded Corner | F9: Stand | G9: MFR-S1-T1-14-STAND | H9: S1-T1-SKUXXX-11 | I9: 25.9 | J9: 5.18 | K9: =IF(J9="","",IF(J9<10,'Price Rules'!$B$5,IF(J9<=50,'Price Rules'!$B$6,'Price Rules'!$B$7))) -> 5 | L9: =IF(J9="","",ROUND(J9*K9,0)) -> 26 | M9: IMG-S1-T1-14-STAND | O9: Draft | P9: 7 | Q9: Tabletop | R9: -
A10: S1 | B10: S1-T1 | C10: 16" | D10: 无边框-圆角 | E10: Frameless Rounded Corner | F10: Wall | G10: MFR-S1-T1-16-WALL | H10: S1-T1-SKUXXX-12 | I10: 39.9 | J10: 7.98 | K10: =IF(J10="","",IF(J10<10,'Price Rules'!$B$5,IF(J10<=50,'Price Rules'!$B$6,'Price Rules'!$B$7))) -> 5 | L10: =IF(J10="","",ROUND(J10*K10,0)) -> 40 | M10: IMG-S1-T1-16-WALL | O10: Draft | P10: 8 | Q10: Wall-mounted | R10: -
A11: S1 | B11: S1-T1 | C11: 18" | D11: 无边框-圆角 | E11: Frameless Rounded Corner | F11: Wall | G11: MFR-S1-T1-18-WALL | H11: S1-T1-SKUXXX-13 | I11: 45.9 | J11: 9.18 | K11: =IF(J11="","",IF(J11<10,'Price Rules'!$B$5,IF(J11<=50,'Price Rules'!$B$6,'Price Rules'!$B$7))) -> 5 | L11: =IF(J11="","",ROUND(J11*K11,0)) -> 46 | M11: IMG-S1-T1-18-WALL | O11: Draft | P11: 9 | Q11: Wall-mounted | R11: -
A12: S1 | B12: S1-T1 | C12: 20" | D12: 无边框-圆角 | E12: Frameless Rounded Corner | F12: Wall | G12: MFR-S1-T1-20-WALL | H12: S1-T1-SKUXXX-14 | I12: 51 | J12: 10.2 | K12: =IF(J12="","",IF(J12<10,'Price Rules'!$B$5,IF(J12<=50,'Price Rules'!$B$6,'Price Rules'!$B$7))) -> 4 | L12: =IF(J12="","",ROUND(J12*K12,0)) -> 41 | M12: IMG-S1-T1-20-WALL | O12: Draft | P12: 10 | Q12: Wall-mounted | R12: -
A13: S1 | B13: S1-T1 | C13: 24" | D13: 无边框-圆角 | E13: Frameless Rounded Corner | F13: Wall | G13: MFR-S1-T1-24-WALL | H13: S1-T1-SKUXXX-15 | I13: 70.9 | J13: 14.18 | K13: =IF(J13="","",IF(J13<10,'Price Rules'!$B$5,IF(J13<=50,'Price Rules'!$B$6,'Price Rules'!$B$7))) -> 4 | L13: =IF(J13="","",ROUND(J13*K13,0)) -> 57 | M13: IMG-S1-T1-24-WALL | O13: Draft | P13: 11 | Q13: Wall-mounted | R13: -
A14: S1 | B14: S1-T1 | C14: 30" | D14: 无边框-圆角 | E14: Frameless Rounded Corner | F14: Wall | G14: MFR-S1-T1-30-WALL | H14: S1-T1-SKUXXX-16 | I14: 112.9 | J14: 22.58 | K14: =IF(J14="","",IF(J14<10,'Price Rules'!$B$5,IF(J14<=50,'Price Rules'!$B$6,'Price Rules'!$B$7))) -> 4 | L14: =IF(J14="","",ROUND(J14*K14,0)) -> 90 | M14: IMG-S1-T1-30-WALL | O14: Draft | P14: 12 | Q14: Wall-mounted | R14: -
A15: S1 | B15: S1-T1 | C15: 32" | D15: 无边框-圆角 | E15: Frameless Rounded Corner | F15: Wall | G15: MFR-S1-T1-32-WALL | H15: S1-T1-SKUXXX-17 | I15: 110 | J15: 22 | K15: =IF(J15="","",IF(J15<10,'Price Rules'!$B$5,IF(J15<=50,'Price Rules'!$B$6,'Price Rules'!$B$7))) -> 4 | L15: =IF(J15="","",ROUND(J15*K15,0)) -> 88 | M15: IMG-S1-T1-32-WALL | O15: Draft | P15: 13 | Q15: Wall-mounted | R15: -
A16: S1 | B16: S1-T1 | C16: 36" | D16: 无边框-圆角 | E16: Frameless Rounded Corner | F16: Wall | G16: MFR-S1-T1-36-WALL | H16: S1-T1-SKUXXX-18 | I16: 123.5 | J16: 24.7 | K16: =IF(J16="","",IF(J16<10,'Price Rules'!$B$5,IF(J16<=50,'Price Rules'!$B$6,'Price Rules'!$B$7))) -> 4 | L16: =IF(J16="","",ROUND(J16*K16,0)) -> 99 | M16: IMG-S1-T1-36-WALL | O16: Draft | P16: 14 | Q16: Wall-mounted | R16: -
... A197: S3 | B197: S3-T5 | C197: A3 | D197: 黑胡桃色 | E197: Black Walnut | F197: Not set | G197: MFR-S3-T5-03-NOT SET | H197: 165 | I197: 38.82 | J197: 7.76 | K197: =IF(J197="","",IF(J197<10,'Price Rules'!$B$5,IF(J197<=50,'Price Rules'!$B$6,'Price Rules'!$B$7))) -> 5 | L197: =IF(J197="","",ROUND(J197*K197,0)) -> 39 | M197: IMG-S3-T5-03-NOT SET | O197: Draft | P197: 254 | Q197: Tabletop | R197: Black

Sheet Images
A1: Images
A2: Each product size has a unique Image SKU. Use a matching duplicated image file when sizes share the same visual.
A4: Image SKU | B4: Category Code | C4: Subcategory Key | D4: Relative Image Path | E4: Primary Image | F4: Status
A5: IMG-S1-T1-07-STAND | B5: S1 | C5: S1-T1 | D5: 165 | E5: Yes | F5: Not added
A6: IMG-S1-T1-08-STAND | B6: S1 | C6: S1-T1 | D6: 165 | E6: Yes | F6: Not added
A7: IMG-S1-T1-10-STAND | B7: S1 | C7: S1-T1 | D7: 165 | E7: Yes | F7: Not added
A8: IMG-S1-T1-12-STAND | B8: S1 | C8: S1-T1 | D8: 165 | E8: Yes | F8: Not added
A9: IMG-S1-T1-14-STAND | B9: S1 | C9: S1-T1 | D9: 165 | E9: Yes | F9: Not added
A10: IMG-S1-T1-16-WALL | B10: S1 | C10: S1-T1 | D10: 165 | E10: Yes | F10: Not added
A11: IMG-S1-T1-18-WALL | B11: S1 | C11: S1-T1 | D11: 165 | E11: Yes | F11: Not added
A12: IMG-S1-T1-20-WALL | B12: S1 | C12: S1-T1 | D12: 165 | E12: Yes | F12: Not added
A13: IMG-S1-T1-24-WALL | B13: S1 | C13: S1-T1 | D13: 165 | E13: Yes | F13: Not added
A14: IMG-S1-T1-30-WALL | B14: S1 | C14: S1-T1 | D14: 165 | E14: Yes | F14: Not added
A15: IMG-S1-T1-32-WALL | B15: S1 | C15: S1-T1 | D15: 165 | E15: Yes | F15: Not added
... A197: IMG-S3-T5-03-NOT SET | B197: S3 | C197: S3-T5 | D197: 165 | E197: Yes | F197: Not added

Sheet Price Rules
A1: Price Rules
A2: Edit the yellow multiplier cells to update selling prices throughout the Products sheet.
A4: Original Cost SGD | B4: Multiplier | C4: Calculation
A5: < 10 | B5: 5 | C5: Selling Price = ROUND(Cost SGD × 5, 0)
A6: 10 to 50 | B6: 4 | C6: Selling Price = ROUND(Cost SGD × 4, 0)
A7: > 50 | B7: 3.5 | C7: Selling Price = ROUND(Cost SGD × 3.5, 0)
